{
  "max_temperature": 0.5779592905598637,
  "min_temperature": 0.0,
  "mean_temperature": 0.1736907124644182,
  "energy_like_metric": 0.07283537208495958,
  "stability_ratio": 0.45000000000000007
}